epoch,time,train/box_loss,train/cls_loss,train/dfl_loss,metrics/precision(B),metrics/recall(B),metrics/mAP50(B),metrics/mAP50-95(B),val/box_loss,val/cls_loss,val/dfl_loss,lr/pg0,lr/pg1,lr/pg2
1,9.24565,2.21481,3.01289,2.13991,0.03188,0.03,0.0115,0.00448,2.3522,5.55108,1.67118,0.1,0,0
2,19.4057,1.83173,2.37894,1.80489,0.02667,0.08,0.01846,0.00776,2.63636,18.9166,1.75338,0.0990099,9.901e-06,9.901e-06
3,28.8639,1.94878,2.32104,1.85706,0.035,0.105,0.02475,0.0108,2.39012,29.9713,1.54264,0.0980196,1.9604e-05,1.9604e-05
4,37.5442,1.79445,2.74418,1.69108,0.05,0.15,0.03984,0.01596,2.30558,27.3433,1.5255,0.0970291,2.9109e-05,2.9109e-05
5,46.9927,1.45858,1.63665,1.49824,0.06667,0.2,0.05844,0.02279,2.15099,21.4546,1.52507,0.0960384,3.8416e-05,3.8416e-05
